Country,extract_date,sex,age_0,age_1,age_2,age_3,age_4,age_5,age_6,age_7,age_8,age_9,age_10,age_11,age_12,age_13,age_14,age_15,age_16,age_17,age_18,age_19,age_20,age_21,age_22,age_23,age_24,age_25,age_26,age_27,age_28,age_29,age_30,age_31,age_32,age_33,age_34,age_35,age_36,age_37,age_38,age_39,age_40,age_41,age_42,age_43,age_44,age_45,age_46,age_47,age_48,age_49,age_50,age_51,age_52,age_53,age_54,age_55,age_56,age_57,age_58,age_59,age_60,age_61,age_62,age_63,age_64,age_65,age_66,age_67,age_68,age_69,age_70,age_71,age_72,age_73,age_74,age_75,age_76,age_77,age_78,age_79,age_80,age_81,age_82,age_83,age_84,age_85,age_86,age_87,age_88,age_89,age_90,age_91,age_92,age_93,age_94,age_95
England,2023-11-01,female,254033,287592,299037,303315,316063,325295,336585,349532,349696,353262,359762,372753,371087,368326,363513,367117,356365,347972,345256,347951,349132,350461,376112,403852,423691,423039,432156,438124,440275,446923,455036,469420,471578,479024,469975,478002,466073,456348,454650,437920,433549,428142,423853,429359,410289,379338,363567,368304,368493,377798,379618,395819,412419,402627,407109,409464,405596,405888,407914,405477,395037,384090,368307,355650,343791,331779,319808,307645,292004,289419,286926,276295,272557,273592,278987,285494,316711,261451,221973,227460,204678,184840,154261,153639,149070,138992,125334,112083,98918,85025,72514,63550,53264,44112,34018,87483
England,2023-11-01,male,266812,302190,313314,317615,332526,342573,353068,367057,368101,371123,376405,391897,390144,387955,381493,384959,375426,366575,361143,359090,356959,354515,370392,389724,409200,427055,440037,441358,449387,457728,465393,480867,487425,496780,488869,496814,487890,479317,480744,463731,463780,458331,454527,460665,443418,411049,394902,397829,399360,404890,405614,418918,433073,422402,423791,423787,418348,415737,416667,414367,400188,387035,370214,356536,341189,326745,312860,298293,278236,272950,268702,255975,250920,248610,251479,254944,282668,228629,191696,195184,171561,151780,121797,118843,113940,102680,90183,78275,65973,53983,43994,36371,28797,22159,15985,32717
England,2023-11-01,persons,521594,589833,612391,620890,648226,667680,689925,716346,717492,724198,736847,764681,761295,756008,745295,752117,731659,714469,706370,707315,706373,704643,746439,794006,833823,849583,872044,879441,889618,904525,920887,950286,958385,975666,958972,974758,953913,934443,934700,901905,897324,886460,877938,890447,852786,790645,758795,766671,767494,782891,785264,814844,845513,825170,831181,833145,823527,821825,824262,819698,795586,771124,738515,712347,684312,658831,632635,605891,570619,562368,555629,533040,523635,520939,531469,538311,599882,490188,413722,422412,376166,336431,276223,272173,263248,241562,215504,190332,164878,139106,116507,99948,82225,66256,50063,120243
England,2023-12-01,female,255160,286124,300488,302781,315785,324657,336182,349566,349781,353459,359491,373501,371320,369037,364043,367472,357356,349011,346329,349152,350436,350828,376326,404554,424147,424838,432509,439463,441563,446926,455370,470065,472364,480645,470215,479160,467359,457310,456270,439022,434197,429327,424051,431128,412456,380720,363318,368998,367567,378785,378413,394836,412624,402445,406720,409550,405083,406203,407872,406373,396073,384809,369158,357235,344692,332533,320695,308393,291952,289506,287043,276153,271524,272657,279275,283038,316448,267715,220554,228441,205058,186519,153820,153084,149034,139176,125445,112300,98972,85142,72302,63393,53139,44135,34021,87217
England,2023-12-01,male,267681,300652,314652,316745,332079,342124,352445,367193,368279,371447,375626,392858,390393,388934,382293,385722,376731,367785,362410,360130,358121,354907,370592,389560,409567,428140,440490,442413,450355,457796,465948,481381,488024,498367,489217,497953,489635,480216,482178,464450,464848,459573,454774,462350,445865,412547,394821,398130,398910,405668,404587,417931,433488,422362,423484,423873,417868,415681,416268,415161,400976,387725,370954,358238,341976,326979,314151,299498,278181,272920,268727,256267,250074,247938,251280,252461,282699,233822,190206,196244,172065,153472,121189,118364,113991,102723,90289,78418,66047,54012,43888,36322,28838,22208,15971,32714
England,2023-12-01,persons,522905,586647,615258,619473,647254,666618,689002,716553,717581,724673,736062,766443,761848,757750,746942,753288,733970,716443,708571,709579,708826,705679,746761,794480,835023,852065,872472,881675,892104,904488,922156,951856,959351,979025,959611,976868,956840,936358,937504,903828,899131,888957,878168,893872,857026,793839,758233,768254,766178,784871,783584,812877,846112,825211,830544,833406,822508,821871,823626,821342,797772,772533,740315,715617,685674,660021,634775,607713,570467,562426,555770,533734,521774,518493,533270,532346,600030,501850,410721,424381,376578,339688,275357,270927,263529,241728,215721,190681,164995,139310,116200,99797,82298,66320,50096,119991
England,2024-01-01,female,252806,284404,301587,302107,315503,323764,335646,349467,349655,353613,359139,374220,371588,369611,364587,367761,358254,349601,346572,349371,351083,350548,375326,404244,424203,425770,432433,440224,442287,446371,455316,470473,473136,482147,470148,480265,468794,458012,457607,440048,434827,430244,424000,432707,414858,382107,362669,369654,366526,379618,377106,393735,412892,402312,406364,409634,404851,406312,407863,407274,396870,385460,370048,358852,345588,333250,321642,309382,291814,289608,286971,276561,270514,271487,280174,280532,316164,274019,219333,229172,205401,188348,153547,152466,149005,139456,125672,112480,99109,85297,72061,63291,52999,44206,34029,87085
England,2024-01-01,male,265056,299091,315718,315651,331452,341485,351681,367104,368306,371737,374959,393495,390591,389814,382978,386410,377684,368683,362864,360493,358872,355018,370341,388979,409508,428738,440563,442630,450832,457394,465928,481608,488612,499885,489081,498847,491344,480768,483096,465213,465629,460483,454934,463747,448102,414153,394506,398412,398312,406409,403572,416876,433975,422556,423269,424146,417493,415387,416123,415911,401950,388685,371747,360136,342749,327184,315538,300903,278010,273170,268736,256569,249054,247261,251733,249898,282525,239098,188870,197198,172606,155214,120775,117823,114063,102949,90420,78570,66186,54088,43846,36299,28859,22247,15972,32730
England,2024-01-01,persons,516598,583287,617532,617641,646091,664789,687729,716249,717358,724881,735383,768030,762300,759341,747879,754331,735747,717783,709168,710247,710451,706293,745231,793683,835507,852646,872227,882533,893481,903396,921667,953071,960368,982198,959282,978777,960078,937956,939825,905839,900581,890835,878057,896746,861126,796586,757197,769510,764493,786205,781990,810783,846794,825549,829880,833807,821864,821663,823165,823157,799677,774144,742097,719168,687378,661335,637023,610024,570154,562778,555707,534294,520014,516473,535734,526457,600164,513513,408061,426073,377087,343222,274822,269623,263849,242195,216062,191014,165246,139588,115900,99699,82345,66412,50156,119893
England,2024-02-01,female,254332,282719,302665,301411,315306,323027,335266,349322,349672,353748,358813,375041,371909,370194,364880,368131,359195,350488,347149,349977,352122,350757,374883,404297,424496,425780,432594,441427,443162,446108,455151,470783,473655,483523,470016,481263,470123,458819,458965,441034,435311,431305,423905,434400,417064,383626,362308,370120,365306,380313,375713,392561,413135,401959,405971,409610,404498,406467,407777,408154,397845,386242,370809,360464,346376,334037,322496,310177,291995,289602,286708,276625,269740,270606,280796,278008,315733,280261,217782,229763,205524,189951,153130,151570,148843,139381,125611,112391,98953,85185,71686,62914,52582,44074,33857,85979
England,2024-02-01,male,266567,297583,316772,314731,330968,340961,351033,367058,368484,371893,374201,394340,390891,390566,383510,387233,378925,369922,363560,361246,359883,355428,370366,388557,409727,429562,441019,443692,451770,457554,466546,482252,489163,501677,489285,499898,493075,481612,484643,465994,466578,461695,455055,465398,450474,415673,394429,398568,397790,407118,402457,415943,434388,422585,422866,424005,416990,415369,415729,416701,402715,389523,372467,361913,343622,327500,316791,302184,278162,273194,268374,256986,248358,246614,251902,247283,282226,244443,187344,197968,172947,156818,120228,117043,113920,102881,90331,78569,66072,53940,43590,36179,28724,22206,15880,32354
England,2024-02-01,persons,519407,580124,619790,615974,645152,663797,686787,716023,717476,725104,734281,769792,762910,760908,749347,755524,737933,719776,710469,711528,712594,706759,744871,793306,836504,853498,872488,885055,895700,903148,922679,954456,960931,985684,959442,980550,962908,939206,942333,907714,901978,893085,877768,900020,865630,800084,756854,770775,762189,787537,779740,808725,847422,825471,829471,833717,820928,821751,822939,824788,801704,775765,743669,722301,688928,662697,639071,611955,570064,562795,555083,535318,518536,514324,538012,520087,599247,525007,404921,427363,377477,346342,273979,267783,263710,242028,215878,190944,164936,139373,115214,99211,81942,66232,49932,118397
England,2024-03-01,female,253758,280890,304026,300703,315163,322074,334798,349345,349465,353801,358195,375708,372192,370574,365071,368284,360148,351400,347396,350577,353121,350876,374228,404223,424613,426027,432685,443117,444179,445542,455252,471560,474416,484712,469883,482342,471451,459082,459469,441551,435751,432215,423812,436206,419232,385247,361871,370679,364294,380826,374264,391727,413433,401470,405538,409646,404407,406170,407833,409108,398486,387300,371615,362275,346989,334644,323377,311463,291911,289759,286942,277225,269050,269246,281352,275553,315019,286786,216442,230406,205691,191557,152765,151005,148857,139450,125734,112468,98980,85194,71447,62800,52330,44073,33835,85547
England,2024-03-01,male,265858,296060,317973,313735,330521,340080,350373,367262,368372,371863,373344,395050,391119,391072,384152,387865,380113,371017,364067,361984,360696,355731,370454,388339,409976,430216,441425,444950,452473,457286,466142,482958,489861,503276,489428,501036,494660,481946,485741,466876,467253,462525,455111,467113,452978,417231,394273,398766,397213,407373,401298,415182,434684,422225,422449,424148,416563,415233,415418,417752,403305,390615,373301,363868,344441,327580,318025,303582,277978,273331,268587,257474,247883,245658,252130,244846,281478,249739,185946,198835,173282,158446,119721,116516,113918,102854,90344,78615,66092,53917,43456,36127,28687,22247,15860,32204
England,2024-03-01,persons,518455,576901,622394,614170,644352,661859,685842,716448,717062,725250,732975,770873,763438,761998,750576,756456,740017,721603,711194,712819,714644,707303,744145,793460,837326,854572,872857,887318,897697,902872,923283,956071,962033,988951,959566,982739,965842,940469,944490,909769,903088,894836,877454,903626,869811,802823,756366,771374,760220,789164,777191,807129,848084,825145,828801,833851,820078,821463,822578,826525,803216,777914,745365,726193,690529,663640,641137,614238,570052,563089,555529,536337,517225,511952,539668,513978,598429,536653,402273,428859,377966,349563,273341,266532,263763,242005,215979,191162,164969,139422,114813,99072,81816,66287,49924,117764
England,2024-04-01,female,253445,279228,305463,299959,315343,321049,334384,349146,349131,353780,357328,375465,372213,371045,364468,368465,360944,352442,347362,350865,353650,350894,373356,403678,424758,426670,432691,443591,445395,445073,454354,472107,474773,486206,469660,483347,472812,458908,460491,442289,436256,433069,424009,437899,422089,386948,361336,370755,363125,381406,372834,390967,413697,400935,404935,409202,404005,404878,408002,409930,399482,388244,372612,363942,347712,335495,324309,312569,292245,290027,287067,273314,270826,266525,281554,271504,314702,293654,215027,231127,205878,193285,152305,150458,149126,139662,125960,112513,99120,85302,71347,62734,52227,44180,33861,85437
England,2024-04-01,male,265191,294626,319182,312671,330137,339288,349719,367106,368112,371761,371642,394753,391274,391629,383965,388625,381088,372224,364546,362370,361312,355871,370611,387546,410185,430751,442005,445336,453142,456978,466120,483358,490630,505030,489369,502050,496520,481711,485173,466004,468040,463511,455202,468670,455228,418787,393992,398722,396502,407798,400088,414348,435111,421244,421999,423193,416206,415438,415238,418622,403423,391564,374168,365743,344741,328065,319328,305116,278749,273456,268596,257901,249637,243070,251947,240895,281401,255626,184391,199759,173641,160096,119200,116060,114097,102965,90588,78728,66290,54023,43417,36175,28700,22323,15847,32141
England,2024-04-01,persons,515694,573829,625079,612317,643624,659938,684835,715848,716210,725138,731746,771969,763646,763155,751471,757490,741897,723990,711719,713654,715712,707938,743167,792023,837780,855654,873559,890160,899984,902322,923263,956799,962957,992240,959286,984593,968967,941602,946868,909078,904534,896745,878092,906951,873547,807176,755565,771801,758201,790636,774795,805591,848794,825092,827478,831886,819483,821846,823116,828400,805333,779808,747237,729723,692254,665175,643327,616138,570268,563483,555663,537593,517155,509126,541274,508017,597658,549823,399344,430037,378407,352949,272332,265287,264265,242333,216429,191079,165287,139726,114666,99020,81889,66527,49982,117526
England,2024-05-01,female,251580,277462,306646,299132,315038,320421,334057,349216,348664,353515,357026,376133,372381,371685,365256,368805,361761,353124,347077,350856,354274,350831,372227,403045,424260,427465,432302,445290,446033,444822,454458,472530,475551,487761,469630,484498,473817,460322,461823,443098,436527,433904,423570,439586,423650,388165,361088,371108,361828,382327,371269,389812,413821,400947,404644,409271,403932,406084,408272,410960,400361,388933,373341,365354,348566,336399,324915,313374,291967,290205,287477,277115,268314,266933,282147,270760,313660,300126,213680,232146,206043,195189,152213,150068,149087,139958,126078,112821,99256,85522,71150,62709,52056,44224,33872,85268
England,2024-05-01,male,263026,292834,320188,311583,329694,339005,349113,367266,367891,371878,371143,395610,391504,392572,385247,389268,382066,372935,364716,362545,362086,356144,370208,386671,409759,431333,442108,446872,453538,456923,466145,483691,491204,506609,489712,503188,497779,482912,487621,467848,468701,464422,455038,470242,457226,420195,393813,398738,395660,408616,398697,413209,435203,421813,421736,423686,415912,415457,415052,419659,404753,392195,374797,367378,345719,328398,320420,306070,278259,273577,268943,258543,247205,243956,252375,240005,280645,260722,183010,200886,173940,161986,118848,115705,114119,103140,90690,78943,66477,54177,43381,36237,28742,22399,15848,32147
England,2024-05-01,persons,513953,570060,627290,610324,642865,658963,684005,716125,715309,724721,730352,772869,764029,764899,752170,758591,743470,724909,711601,713902,717373,708067,741482,790388,837906,856373,872993,891896,901357,901425,922714,957983,963705,995947,959702,986722,971300,942561,948696,912898,905522,898469,877106,910347,877277,808940,755495,772583,756137,791831,772132,803379,849023,824419,827641,832468,818720,822036,822824,829701,806969,781127,748655,732846,693668,666616,644953,618180,570090,563781,556420,538836,516606,506105,543288,501996,596769,560991,396609,432154,378766,356524,272251,264487,264404,242806,216632,191854,165636,140186,114413,99099,81904,66671,50028,117332
England,2024-06-01,female,250643,275854,307727,298358,314906,319843,333792,349437,348338,353440,356635,376916,372934,372367,365584,369101,362513,353918,346907,350793,354720,350561,371135,402308,423937,428251,431816,446433,446940,444637,454271,472886,476187,489407,469864,485819,475103,461032,464041,444575,437019,434950,423361,441291,425755,389221,361033,371504,360681,383153,369737,389033,414032,400813,404297,409621,403837,406679,408498,412004,401197,389959,373976,366769,349573,337228,325745,314151,291964,290447,287975,278413,267899,265582,282779,268339,313286,306826,212507,233224,206333,197082,152156,149672,149247,140356,126459,113237,99577,85926,71136,62824,52053,44400,33988,85584
England,2024-06-01,male,261916,291157,321217,310479,329295,338747,348707,367601,367908,372261,370692,396538,391962,393245,385560,389904,383105,373972,364971,362782,362741,356165,369644,385724,409636,431662,442309,447666,453933,456777,466792,483763,491542,508324,490065,504567,499334,483634,489248,468482,469534,465537,455008,471902,459438,421325,393997,398859,394960,409324,397488,412368,435575,421611,421516,423884,415646,415231,414983,420783,405596,393263,375513,369054,346684,328818,321623,307262,278278,273662,269272,258993,246791,243054,252841,237683,280569,266493,181685,201985,174477,163876,118698,115502,114452,103551,91100,79426,66816,54452,43467,36381,28894,22580,15954,32321
England,2024-06-01,persons,510370,566739,629485,608428,642239,658279,683494,716442,714632,724682,728798,773383,765134,766334,753394,759603,745483,726719,711698,714130,718532,708168,739731,789390,837365,856957,872879,893635,902467,900099,922206,958526,964223,999317,960283,989449,974001,943730,951006,914299,906926,900664,876881,913945,881923,812378,755247,773284,754316,793289,769493,801866,849611,824276,826748,833336,818365,821795,822882,831801,808812,783221,750073,736080,695127,668180,646887,620742,570355,564108,557247,539672,515827,503503,545124,496723,596724,574150,393923,433871,379148,360286,272100,263669,265320,243670,217454,192393,166286,140927,114467,99357,82214,67065,50309,117774
England,2024-07-01,female,250644,274032,308912,297682,314699,319099,333297,349547,348141,353196,355954,377171,373526,373116,366027,369490,363392,354546,346649,350732,355115,350320,369862,401532,423575,429627,431580,447492,448066,444410,454355,473528,476997,491050,470153,487244,476468,461868,465803,445477,437620,436009,423352,443105,428031,390625,360957,371897,359521,383874,368205,388073,414129,400912,404063,409940,403691,407210,408803,413171,402006,390909,374706,368142,350308,337949,326512,314956,291952,290523,288386,278502,267370,264530,283204,266093,312985,313787,211271,234226,206543,198917,151987,149249,149366,140775,126829,113697,99944,86386,71108,62936,52105,44601,34143,85940
England,2024-07-01,male,261612,289358,322267,309483,328848,338338,348067,367922,367886,372642,369592,396588,392271,394397,386193,390550,384279,374735,365269,362985,363321,356264,369623,384873,409579,432250,442685,448507,455005,456782,467025,484402,492578,510072,490277,505791,501021,484392,490169,469146,470261,466471,454934,473612,461478,422908,393873,399118,394369,409981,396121,411426,435773,421549,421295,423797,415374,415288,415070,421979,406416,394201,376142,370451,347344,329020,322853,308431,278433,273762,269804,259353,246378,242524,253002,235451,280619,272064,180340,203138,174911,165859,118449,115155,114715,103955,91403,79889,67154,54715,43597,36577,29044,22770,16035,32532
England,2024-07-01,persons,509377,562857,631737,606687,641228,656765,682343,716676,714260,724233,728012,774127,766032,768255,754159,760818,747291,728176,711672,714417,719565,708170,737942,787420,837411,858782,873431,896195,904932,900209,922343,960267,965709,1002553,960594,991863,977358,944949,953759,915970,908276,902898,877085,917192,886319,815233,755031,773653,752429,794912,767043,799988,849895,823807,826125,833367,817773,821899,822779,834055,810690,785108,751581,738460,696165,669466,648837,623000,570725,564284,558192,540489,514927,500785,546704,491069,596954,586773,391318,435738,379225,363638,271836,262800,266217,244451,218168,193123,167023,141695,114584,99668,82579,67473,50587,118327
England,2024-08-01,female,249249,272208,310062,296844,314372,318359,332875,349613,347983,352964,355635,377476,373847,373683,366472,370012,364286,355221,346068,350342,355309,350051,368772,400953,422946,430303,431154,448629,448873,444037,454054,473848,477549,492457,470210,488432,477611,462521,467210,446553,438186,437002,423306,444946,430811,391911,360707,372227,358589,384686,366625,386941,414157,400782,403749,410267,403503,406646,409215,414452,402940,391751,375406,369469,351154,338521,327479,316105,291931,290460,288674,278706,266896,263238,283566,263874,312704,320430,210033,235310,206820,200739,151912,148893,149593,141149,127255,114095,100283,86872,71154,63078,52160,44873,34334,86394
England,2024-08-01,male,260074,287552,323216,308336,328273,337806,347631,368081,367884,372815,368887,397156,392581,395001,386815,391317,385478,375673,365053,363045,363901,356373,369372,384050,409239,432602,442805,449380,455429,456462,467017,484667,493012,511483,490466,506810,502437,484782,491628,469856,471099,467437,454994,475430,464008,424330,393927,399279,393802,410645,394804,410392,435890,421473,420978,423943,415084,415403,415102,423245,407355,395186,376765,372001,348003,329192,324186,309641,278434,273701,270232,259643,245941,241589,252956,233327,280661,277809,179028,204193,175441,167680,118199,114908,115100,104307,91814,80328,67537,54970,43741,36719,29215,22958,16125,32792
England,2024-08-01,persons,507501,559151,633959,604669,639970,655426,681323,716655,713974,723868,726733,775204,766631,769308,755285,762180,749653,729848,710855,713849,720393,708128,736633,786049,837299,859823,872791,897480,906615,899806,922468,960913,966202,1005735,960640,994001,979785,946280,956189,917720,909845,904807,876876,920835,890741,818254,755051,774587,750727,796452,764703,797785,850024,823321,825617,833495,817165,822253,822765,836618,812884,786936,753017,741296,697282,670445,651094,625633,571008,564159,558907,541078,514016,498809,548339,485501,596879,599221,388740,437856,379825,367246,271602,262054,267114,245148,218999,193814,167704,142484,114796,100012,82961,67942,50902,119011
England,2024-09-01,female,248267,270477,311312,296134,314200,317625,332634,349692,347820,352942,354778,377953,374252,374433,366940,370561,365614,356248,345982,350079,355572,349493,367488,399789,421837,431449,430647,449505,449771,443479,453665,474276,478083,493696,470239,489749,478852,463896,468850,447575,438867,438014,423069,446864,433166,393584,360814,372663,357341,385550,364880,385976,414128,400720,403341,410762,403442,406891,409400,415426,403965,392556,376033,370895,351782,339227,328366,317007,291906,290517,289085,278407,266414,262636,283464,262059,312036,326887,208756,236202,207282,202602,151881,148532,149776,141515,127554,114424,100585,87335,71164,63205,52213,45103,34500,86751
England,2024-09-01,male,258898,285999,324281,307271,327775,337286,347196,368304,367927,372881,367809,397642,392808,396097,387557,392119,386951,376969,365379,363152,364302,355962,368892,383003,408414,433161,442544,449758,455791,455962,466798,484772,493352,512801,490531,508040,503904,485917,492828,470278,471837,468593,454959,477076,466313,425928,394163,399594,393246,411318,393326,409329,436002,421222,420637,424256,414787,415261,414995,424303,408127,396115,377453,373608,348769,329463,325572,310924,278452,273816,270671,260016,245497,241337,252278,231645,280349,283304,177769,205222,176034,169615,118046,114616,115411,104631,92080,80711,67830,55253,43883,36864,29357,23139,16217,33012
England,2024-09-01,persons,504303,556105,636270,602828,639128,654163,681096,717000,713732,723867,725176,776007,767280,771014,757104,763636,752246,732246,711253,714046,721352,707557,734809,784392,835814,860690,871848,898548,907914,898293,922057,961524,966606,1007844,960998,996472,982343,948101,958923,919396,911293,906944,876319,924759,895624,821848,755184,776001,748803,797852,762053,795823,850051,823575,825019,834210,816338,822095,822604,838675,815174,788670,754239,744261,698416,671788,653319,627795,571106,564331,559756,541816,513075,497048,549967,479746,596390,611177,386178,439513,381138,370816,271514,261133,267783,245713,219550,194499,168271,143276,114946,100307,83313,68344,51213,119617
England,2024-10-01,female,247804,268736,312493,295590,314298,317061,332410,349860,347876,353238,354439,378684,374786,375635,368050,371758,367695,358235,349020,352524,358086,351122,370083,401382,422301,433345,431017,451234,451049,443396,454108,474874,478986,495073,470207,491084,480284,464771,470545,448670,439529,439048,423095,449054,435535,395238,361045,373164,356631,386355,363129,384851,414193,400615,403050,410905,403205,407371,409481,416129,404690,393788,376641,372427,352521,340103,329249,317927,291916,290335,290922,278952,265850,261646,283239,259467,311322,333193,207508,237363,207866,204484,151885,148263,150008,141923,127850,114720,100873,87659,71168,63307,52248,45346,34670,87134
England,2024-10-01,male,258047,284545,325375,306376,327564,336973,346721,368638,368158,373222,367299,398567,393368,397553,388799,393463,388851,378845,367835,365122,366334,356979,370568,383376,408800,434291,442973,450914,456504,455836,467144,485041,494436,513975,490509,509269,505410,486601,494005,471117,472755,469671,454978,479102,468937,427654,394567,399835,392806,412032,391964,408207,436092,421228,420489,424324,414421,414994,414807,425257,409195,397426,378151,375366,349323,329839,327051,312093,278813,273731,272477,259751,244854,240599,252081,229093,279974,288735,176479,206420,176712,171454,117859,114399,115701,104871,92362,81030,68101,55504,43942,36994,29482,23298,16300,33220
England,2024-10-01,persons,503343,552758,638571,601353,638880,653318,680260,717512,713824,724478,723689,777854,768391,773774,759937,766208,756381,736171,716849,718329,725795,710355,738627,785987,836379,864546,872525,901884,910473,897938,922212,962278,968426,1010800,960744,998833,985324,951465,962184,921326,912863,909072,876415,928781,900855,825044,756073,776168,747516,799669,758442,793593,850248,823516,824573,834323,815936,821606,823048,839463,816863,791213,755491,747645,700705,673013,655673,629859,570812,564064,563400,541512,511913,495848,549118,476135,595215,622927,383631,441870,382258,374597,271453,260531,268419,246255,220100,195023,168773,143919,115006,100567,83616,68735,51496,120231
England,2024-11-01,female,247940,267252,313852,295063,314068,316395,331970,349973,348029,353317,353937,379410,375330,376346,368622,372331,369162,359984,351167,354660,360464,352274,372775,403046,423514,435660,431724,453199,452740,443478,454313,475739,479693,496724,470272,492578,481671,466288,472248,449514,440260,440022,422980,451079,438390,396736,361060,373567,355687,387295,361632,383859,414318,400517,402903,411210,402967,407081,409508,416823,405844,394722,377355,374131,353295,341015,330122,318771,291872,290345,291386,278592,265038,260865,283052,257719,310769,339526,206170,238419,208453,206319,151637,147854,150107,142169,128048,114994,101037,87833,71050,63305,52182,45502,34748,87213
England,2024-11-01,male,258078,283169,326545,305488,327074,336727,346128,368887,368523,373467,366418,399295,393848,398471,389700,394336,390454,380659,369598,366837,368206,357834,371725,383915,409542,435985,443708,452290,457746,455913,467556,485573,494973,515631,490701,510592,507126,488010,495607,471545,473715,470779,455239,480877,471425,429234,394883,400041,392337,412698,390741,407269,436215,421211,420365,424799,414089,414988,414438,426174,410055,398351,378865,377256,350406,330326,328501,313322,278613,273668,272806,260156,244067,240316,251682,227287,279653,293935,175062,207515,177402,173297,117519,114071,115879,104977,92522,81286,68278,55602,43937,37048,29550,23415,16358,33303
England,2024-11-01,persons,504140,549950,641139,599898,637797,652214,679500,717632,714063,724599,723028,779297,769461,775072,761714,767713,759305,739606,720851,722457,730346,711970,742344,788664,839272,867958,873859,905105,913278,898051,923231,963703,969050,1013849,961165,1001628,988382,953195,964769,922769,914586,911125,876137,933014,905419,828289,756714,777270,745790,801360,755763,791781,850513,823494,824571,835099,815006,821595,822339,840897,819252,793071,756923,751390,701972,674732,657951,631858,570922,564012,564192,542319,510432,493442,549748,470166,594911,634488,380928,443775,383482,378142,271009,259495,268917,246504,220456,195473,169107,144276,114880,100650,83782,68991,51690,120436
England,2024-12-01,female,249067,265783,315303,294528,313790,315756,331566,350007,348113,353515,353667,380157,375563,377057,369152,372686,370152,361024,352240,355860,361768,352641,372989,403748,423970,437459,432076,454538,454028,443481,454646,476384,480478,498346,470513,493736,482957,467251,473868,450617,440907,441207,423178,452848,440556,398119,360811,374261,354761,388283,360427,382875,414523,400334,402515,411295,402455,407395,409466,417719,406881,395441,378206,375715,354196,341769,331010,319519,291820,290431,291503,278450,264005,259930,283339,255263,310507,345790,204750,239400,208833,207998,151196,147299,150072,142353,128159,115211,101090,87949,70838,63148,52057,45526,34751,86946
England,2024-12-01,male,258947,281631,327884,304617,326627,336278,345505,369023,368700,373791,365639,400256,394098,399450,390501,395099,391758,381869,370865,367878,369367,358226,371926,383752,409908,437069,444161,453346,458714,455981,468111,486087,495572,517218,491049,511732,508871,488909,497040,472264,474783,472021,455486,482562,473872,430732,394802,400341,391887,413476,389714,406282,436630,421171,420058,424885,413610,414932,414039,426968,410842,399041,379605,378959,351194,330560,329792,314527,278558,273639,272831,260447,243221,239645,251483,224804,279684,299128,173572,208575,177906,174989,116911,113592,115931,105020,92628,81428,68352,55631,43830,36999,29592,23464,16344,33299
England,2024-12-01,persons,505451,546764,644006,598481,636825,651152,678577,717839,714152,725074,722243,781059,770013,776814,763360,768885,761616,741581,723052,724720,732799,713006,742666,789139,840471,870439,874287,907339,915763,898014,924499,965273,970016,1017207,961805,1003737,991309,955109,967573,924693,916393,913622,876366,936440,909658,831483,756152,778854,744474,803340,754083,789814,851112,823535,823934,835360,813987,821640,821702,842541,821438,794480,758724,754659,703334,675922,660091,633680,570769,564070,564334,543013,508570,490996,551549,464201,595059,646150,377927,445744,383894,381398,270143,258248,269198,246671,220672,195822,169224,144480,114573,100499,83855,69055,51722,120184
England,2025-01-01,female,246713,264063,316402,293854,313508,314864,331031,349907,347987,353668,353314,380877,375831,377632,369696,372975,371050,361613,352483,356079,362415,352360,371989,403438,424026,438391,432000,455299,454752,442925,454593,476792,481251,499848,470446,494841,484392,467952,475205,451642,441537,442124,423128,454426,442958,399505,360161,374917,353720,389115,359120,381774,414791,400202,402159,411380,402223,407504,409457,418620,407677,396093,379096,377333,355093,342486,331956,320509,291682,290534,291431,278858,262996,258760,284238,252757,310223,352095,203530,240131,209177,209828,150923,146681,150043,142633,128385,115392,101228,88104,70597,63046,51917,45596,34758,86814
England,2025-01-01,male,256321,280070,328949,303524,326000,335639,344741,368934,368727,374081,364972,400893,394296,400329,391186,395786,392711,382766,371319,368240,370118,358337,371675,383171,409850,437667,444234,453562,459191,455579,468091,486314,496159,518735,490913,512626,510580,489461,497959,473028,475564,472931,455646,483959,476109,432338,394488,400623,391289,414217,388699,405227,437117,421365,419844,425158,413234,414638,413894,427718,411817,400000,380398,380857,351967,330764,331179,315932,278387,273888,272841,260749,242200,238968,251936,222241,279510,304404,172236,209529,178446,176731,116497,113051,116003,105247,92759,81581,68491,55708,43789,36976,29612,23503,16345,33315
England,2025-01-01,persons,499144,543405,646280,596649,635662,649323,677304,717536,713929,725281,721564,782646,770466,778405,764297,769927,763393,742921,723649,725388,734425,713620,741137,788341,840955,871021,874042,908197,917141,896922,924010,966488,971034,1020380,961475,1005647,994548,956708,969893,926704,917843,915500,876255,939313,913759,834230,755115,780109,742788,804675,752489,787719,851795,823872,823270,835761,813344,821432,821241,844357,823343,796091,760505,758211,705038,677236,662339,635991,570457,564421,564271,543573,506811,488976,554012,458312,595193,657813,375267,447436,384404,384932,269608,256945,269518,247137,221014,196155,169475,144758,114273,100401,83902,69147,51783,120086
England,2025-02-01,female,248239,262379,317480,293159,313311,314126,330650,349763,348004,353804,352989,381697,376152,378214,369989,373345,371992,362500,353060,356685,363454,352569,371546,403491,424319,438401,432161,456502,455627,442662,454428,477101,481769,501224,470314,495840,485721,468759,476563,452629,442021,443185,423032,456119,445165,401024,359801,375383,352500,389810,357727,380600,415035,399849,401765,411355,401870,407659,409370,419500,408652,396874,379857,378945,355880,343273,332811,321303,291863,290527,291168,278922,262221,257879,284860,250232,309792,358336,201979,240721,209299,211430,150506,145786,149880,142559,128325,115302,101072,87993,70222,62669,51500,45465,34586,85709
England,2025-02-01,male,257833,278562,330004,302603,325516,335115,344092,368888,368905,374237,364214,401738,394596,401081,391718,396610,393952,384006,372015,368993,371129,358748,371700,382748,410069,438491,444689,454624,460128,455738,468709,486958,496711,520527,491117,513677,512312,490305,499506,473808,476513,474143,455767,485610,478481,433858,394411,400779,390767,414926,387585,404294,437530,421394,419440,425017,412731,414620,413500,428508,412582,400838,381118,382633,352839,331080,332432,317213,278538,273913,272478,261166,241504,238321,252105,219626,279211,309749,170710,210299,178788,178335,115951,112271,115860,105179,92670,81579,68377,55560,43533,36857,29478,23462,16253,32939
England,2025-02-01,persons,501953,540242,648537,594982,634723,648330,676362,717309,714048,725505,720462,784408,771075,779972,765766,771120,765579,744914,724950,726670,736568,714086,740776,787965,841953,871873,874303,910719,919359,896674,925022,967873,971596,1023867,961635,1007420,997377,957958,972402,928578,919240,917750,875967,942587,918262,837728,754773,781374,740485,806006,750239,785661,852422,823794,822862,835671,812407,821520,821016,845987,825370,797712,762078,761344,706588,678598,664387,637922,570366,564439,563647,544596,505332,486827,556290,451943,594276,669307,372127,448726,384794,388052,268765,255105,269379,246970,220829,196085,169166,144543,113587,99913,83499,68967,51558,118590
England,2025-03-01,female,247665,260550,318841,292450,313168,313173,330183,349785,347797,353856,352370,382364,376435,378595,370180,373498,372945,363412,353307,357286,364454,352689,370892,403417,424437,438648,432252,458192,456644,442097,454529,477879,482531,502413,470181,496918,487049,469022,477066,453145,442462,444095,422939,457926,447332,402645,359364,375943,351488,390323,356279,379767,415332,399359,401332,411392,401779,407362,409427,420453,409293,397933,380663,380756,356493,343880,333692,322589,291779,290685,291401,279521,261531,256519,285417,247777,309078,364862,200639,241364,209466,213036,150141,145220,149895,142627,128448,115379,101098,88002,69983,62554,51249,45464,34564,85277
England,2025-03-01,male,257124,277039,331204,301607,325068,334234,343432,369092,368794,374208,363357,402448,394824,401588,392359,397241,395141,385101,372523,369731,371943,359050,371788,382530,410318,439146,445095,455883,460832,455471,468305,487664,497409,522127,491260,514814,513896,490639,500603,474690,477188,474973,455823,487325,480985,435415,394255,400977,390190,415182,386426,403533,437826,421034,419023,425160,412304,414484,413189,429560,413172,401930,381952,384588,353659,331160,333666,318612,278355,274049,272691,261654,241030,237364,252333,217188,278463,315044,169312,211166,179122,179963,115443,111744,115858,105152,92684,81626,68397,55536,43399,36804,29440,23503,16233,32790
England,2025-03-01,persons,501001,537019,651141,593178,633923,646392,675417,717734,713634,725651,719156,785489,771604,781062,766995,772052,767663,746740,725674,727960,738617,714630,740051,788119,842775,872947,874672,912981,921356,896398,925626,969488,972698,1027134,961760,1009609,1000311,959221,974559,930634,920350,919501,875652,946193,922444,840467,754285,781973,738516,807633,747690,784066,853085,823468,822192,835805,811558,821232,820655,847724,826882,799861,763773,765236,708189,679541,666453,640206,570355,564733,564093,545616,504021,484455,557947,445834,593458,680953,369479,450222,385282,391273,268126,253853,269432,246947,220931,196303,169198,144592,113187,99773,83372,69022,51551,117957
England,2025-04-01,female,247352,258888,320278,291707,313348,312148,329768,349587,347463,353836,351504,382121,376456,379065,369577,373679,373741,364455,353273,357573,364982,352707,370019,402872,424581,439291,432258,458666,457860,441628,453631,478426,482888,503906,469958,497923,488410,468848,478089,453883,442966,444950,423136,459618,450190,404346,358828,376018,350320,390903,354848,379006,415596,398825,400729,410948,401377,406071,409596,421275,410290,398877,381660,382422,357216,344731,334623,323695,292113,290953,291526,275611,263307,253798,285618,243729,308760,371729,199224,242086,209653,214764,149681,144673,150163,142839,128674,115424,101239,88110,69883,62489,51145,45571,34591,85167
England,2025-04-01,male,256457,275605,332413,300544,324685,333442,342778,368936,368533,374105,361654,402151,394978,402145,392172,398002,396116,386308,373001,370117,372559,359190,371945,381737,410526,439680,445675,456269,461501,455162,468283,488064,498178,523880,491201,515829,515756,490404,500036,473819,477975,475959,455914,488882,483235,436971,393973,400933,389479,415607,385216,402699,438253,420053,418574,424205,411947,414689,413009,430430,413290,402880,382819,386463,353959,331646,334969,320145,279126,274174,272700,262082,242784,234777,252150,213238,278386,320932,167757,212091,179482,181613,114923,111288,116036,105262,92928,81739,68595,55642,43359,36852,29454,23579,16219,32726
England,2025-04-01,persons,498240,533946,653826,591325,633195,644471,674410,717134,712782,725539,717927,786585,771811,782219,767890,773087,769543,749128,726200,728795,739686,715265,739072,786682,843228,874029,875374,915824,923643,895848,925606,970216,973623,1030423,961480,1011463,1003437,960354,976937,929943,921795,921410,876290,949519,926180,844820,753484,782400,736497,809105,745294,782528,853794,823416,820869,833840,810962,821616,821193,849599,828999,801755,765646,768765,709914,681076,668643,642106,570571,565126,564227,546872,503951,481629,559552,439872,592686,694123,366550,451400,385723,394659,267118,252609,269934,247275,221380,196220,169516,144896,113039,99722,83446,69262,51608,117719
England,2025-05-01,female,245487,257122,321461,290879,313043,311521,329441,349657,346996,353570,351201,382790,376624,379705,370365,374019,374557,365136,352988,357565,365606,352644,368890,402238,424084,440086,431869,460365,458498,441377,453735,478849,483666,505461,469928,499074,489415,470263,479420,454692,443237,445784,422697,461305,451750,405563,358581,376371,349022,391824,353283,377852,415720,398837,400438,411016,401304,407277,409866,422306,411168,399566,382389,383835,358071,345635,335230,324500,291836,291130,291937,279411,260795,254206,286211,242985,307719,378201,197877,243104,209818,216668,149590,144283,150124,143136,128792,115733,101375,88330,69686,62464,50974,45615,34602,84998
England,2025-05-01,male,254291,273813,333420,299455,324241,333159,342173,369096,368312,374223,361156,403008,395209,403088,393454,398645,397093,387019,373171,370292,373332,359464,371542,380862,410100,440262,445778,457805,461896,455107,468308,488398,498752,525460,491544,516966,517015,491605,502483,475662,478635,476870,455750,490454,485233,438380,393795,400949,388637,416424,383824,401560,438345,420622,418310,424698,411653,414708,412823,431467,414620,403510,383448,388098,354936,331978,336061,321099,278635,274296,273048,262723,240352,235663,252578,212347,277630,326028,166376,213217,179781,183503,114570,110933,116059,105437,93029,81954,68783,55797,43324,36914,29496,23655,16220,32732
England,2025-05-01,persons,496499,530178,656037,589332,632436,643496,673580,717412,711881,725122,716533,787485,772195,783963,768589,774187,771116,750046,726082,729044,741346,715394,737387,785047,843355,874748,874807,917560,925017,894951,925057,971400,974371,1034130,961895,1013592,1005769,961313,978765,933762,922784,923134,875305,952914,929909,846584,753413,783182,734433,810301,742632,780315,854023,822742,821031,834422,810199,821805,820901,850900,830635,803075,767064,771889,711327,682517,670269,644148,570393,565424,564984,548115,503402,478609,561567,433852,591798,705291,363815,453517,386082,398234,267037,251809,270073,247748,221584,196995,169865,145356,112786,99801,83460,69406,51654,117525
England,2025-06-01,female,244550,255514,322541,290105,312910,310943,329177,349878,346671,353496,350811,383573,377177,380387,370693,374315,375310,365930,352818,357502,366052,352373,367798,401502,423760,440872,431383,461509,459405,441192,453548,479205,484302,507107,470161,500395,490701,470972,481639,456169,443729,446830,422488,463010,453856,406620,358526,376767,347876,392651,351751,377072,415932,398702,400091,411367,401208,407871,410092,423350,412004,400591,383024,385249,359078,346464,336060,325277,291832,291372,292434,280709,260380,252855,286843,240563,307344,384901,196703,244183,210108,218561,149532,143888,150284,143534,129173,116148,101696,88734,69672,62578,50971,45791,34717,85314
England,2025-06-01,male,253182,272136,334448,298352,323843,332901,341766,369431,368329,374606,360705,403936,395666,403761,393767,399281,398132,388056,373426,370529,373987,359484,370977,379915,409977,440592,445980,458599,462292,454961,468955,488470,499090,527174,491897,518346,518571,492327,504111,476296,479468,477985,455721,492114,487444,439510,393978,401070,387937,417133,382615,400718,438717,420420,418090,424896,411387,414482,412754,432590,415463,404579,384164,389775,355902,332399,337264,322291,278654,274381,273376,263173,239938,234761,253044,210025,277554,331798,165051,214316,180318,185393,114421,110730,116392,105849,93440,82436,69122,56071,43410,37058,29648,23836,16326,32906
England,2025-06-01,persons,492916,526857,658233,587436,631809,642813,673069,717728,711204,725083,714978,787999,773299,785398,769812,775200,773129,751856,726178,729271,742505,715495,735636,784049,842813,875332,874693,919299,926127,893625,924549,971943,974889,1037500,962476,1016318,1008471,962481,981075,935163,924188,925329,875080,956512,934556,850022,753166,783883,732611,811758,739992,778803,854612,822599,820138,835291,809845,821565,820959,853000,832478,805168,768482,775123,712786,684081,672203,646709,570657,565752,565811,548950,502623,476006,563402,428579,591753,718450,361129,455234,386465,401997,266885,250990,270989,248612,222406,197533,170515,146097,112840,100059,83770,69800,51935,117967
England,2025-07-01,female,244551,253691,323727,289429,312704,310199,328682,349988,346473,353252,350129,383828,377769,381136,371136,374704,376189,366558,352560,357441,366447,352132,366525,400726,423399,442248,431147,462567,460531,440965,453632,479847,485112,508751,470451,501820,492066,471809,483400,457071,444331,447889,422479,464825,456132,408023,358450,377160,346716,393371,350219,376112,416029,398802,399858,411686,401062,408402,410396,424516,412813,401541,383754,386622,359813,347185,336827,326082,291820,291448,292846,280798,259852,251803,287268,238318,307044,391862,195468,245184,210318,220396,149363,143464,150403,143952,129543,116609,102063,89194,69645,62691,51023,45992,34873,85670
England,2025-07-01,male,252878,270337,335498,297356,323396,332492,341126,369752,368307,374986,359605,403986,395976,404913,394400,399926,399306,388819,373724,370732,374567,359584,370956,379064,409920,441179,446356,459440,463364,454966,469188,489109,500126,528922,492109,519570,520257,493085,505031,476960,480196,478919,455646,493824,489485,441093,393855,401329,387346,417789,381248,399777,438915,420358,417869,424809,411115,414539,412841,433787,416283,405516,384793,391172,356562,332601,338494,323460,278810,274480,273909,263533,239525,234231,253205,207794,277604,337370,163706,215470,180752,187376,114171,110382,116655,106252,93742,82900,69460,56334,43539,37254,29798,24026,16407,33117
England,2025-07-01,persons,491922,522974,660485,585696,630798,641299,671918,717963,710832,724634,714192,788743,774198,787319,770578,776414,774937,753313,726153,729558,743538,715497,733848,782078,842860,877157,875245,921859,928592,893735,924686,973684,976374,1040736,962788,1018732,1011828,963701,983828,936835,925538,927564,875284,959759,938951,852877,752950,784252,730724,813382,737543,776924,854895,822131,819516,835321,809252,821668,820856,855255,834356,807055,769990,777502,713824,685367,674154,648968,571027,565927,566756,549768,501724,473288,564983,422925,591983,731073,358524,457101,386541,405349,266622,250122,271886,249394,223119,198264,171253,146865,112957,100369,84136,70208,52213,118520
England,2025-08-01,female,243156,251868,324877,288591,312376,309459,328260,350054,346316,353020,349810,384133,378090,381703,371581,375226,377083,367233,351979,357050,366642,351864,365435,400147,422769,442923,430722,463704,461337,440592,453331,480167,485664,510158,470508,503009,493210,472462,484808,458147,444897,448882,422433,466666,458911,409310,358200,377490,345783,394184,348639,374980,416056,398671,399543,412013,400874,407838,410809,425798,413747,402383,384454,387950,360659,347757,337793,327231,291799,291386,293134,281002,259377,250511,287630,236099,306763,398506,194229,246269,210595,222218,149288,143108,150631,144326,129969,117007,102402,89680,69691,62832,51078,46264,35063,86123
England,2025-08-01,male,251339,268531,336448,296209,322820,331960,340691,369911,368305,375159,358900,404554,396286,405517,395023,400694,400506,389757,373508,370792,375147,359692,370705,378241,409580,441531,446476,460313,463787,454646,469180,489373,500560,530334,492298,520589,521673,493475,506491,477670,481034,479885,455706,495642,492015,442515,393909,401490,386779,418453,379931,398743,439032,420282,417553,424955,410826,414654,412873,435053,417222,406502,385416,392721,357221,332772,339827,324670,278811,274419,274336,263824,239088,233296,253159,205669,277646,343115,162394,216524,181282,189198,113921,110136,117039,106605,94153,83339,69842,56589,43683,37397,29969,24214,16498,33377
England,2025-08-01,persons,490047,519268,662706,583677,629540,639959,670898,717941,710546,724268,712914,789820,774796,788371,771704,777776,777299,754986,725335,728990,744366,715455,732539,780708,842748,878197,874606,923143,930275,893332,924812,974331,976868,1043918,962834,1020870,1014255,965032,986258,938585,927107,929472,875075,963402,943374,855898,752969,785187,729022,814921,735203,774721,855024,821644,819008,835449,808645,822022,820842,857817,836550,808884,771425,780339,714942,686346,676410,651601,571310,565803,567471,550357,500812,471312,566618,417357,591908,743521,355946,459219,387141,408957,266387,249375,272783,250091,223951,198955,171934,147654,113169,100714,84518,70677,52529,119204
England,2025-09-01,female,242174,250137,326127,287881,312205,308725,328019,350133,346152,352998,348953,384610,378495,382453,372049,375775,378410,368260,351893,356787,366904,351305,364151,398983,421660,444069,430214,464580,462236,440034,452942,480595,486198,511396,470537,504325,494450,473836,486448,459170,445577,449894,422197,468584,461267,410982,358307,377926,344535,395047,346894,374015,416027,398609,399135,412507,400813,408083,410994,426772,414773,403188,385081,389375,361287,348463,338681,328133,291774,291442,293545,280704,258895,249909,287528,234284,306095,404962,192952,247161,211057,224082,149257,142747,150813,144692,130268,117336,102704,90143,69700,62960,51131,46494,35230,86481
England,2025-09-01,male,250164,266978,337513,295144,322322,331440,340256,370134,368348,375226,357822,405040,396513,406613,395764,401495,401978,391053,373834,370899,375548,359281,370225,377195,408755,442090,446215,460691,464150,454146,468961,489478,500900,531651,492363,521819,523140,494610,507691,478092,481772,481040,455672,497288,494320,444113,394145,401806,386223,419126,378453,397679,439144,420031,417211,425268,410528,414512,412766,436110,417993,407431,386104,394329,357987,333044,341213,325953,278829,274535,274775,264196,238644,233043,252481,203987,277334,348610,161135,217553,181874,191132,113768,109844,117351,106928,94419,83721,70136,56872,43825,37541,30111,24395,16589,33597
England,2025-09-01,persons,486849,516222,665018,581836,628699,638697,670671,718286,710304,724268,711357,790623,775446,790078,773523,779232,779892,757384,725734,729187,745326,714884,730715,779051,841262,879064,873663,924211,931573,891819,924400,974941,977272,1046027,963192,1023342,1016812,966853,988992,940261,928555,931609,874517,967326,948256,859492,753103,786600,727099,816321,732552,772759,855051,821898,818409,836165,807817,821864,820681,859874,838840,810617,772648,783304,716076,687689,678635,653763,571408,565974,568320,551094,499871,469551,568246,411601,591419,755478,353384,460876,388454,412526,266300,248455,273452,250655,224502,199640,172500,148446,113319,101009,84870,71079,52839,119810
England,2025-10-01,female,241710,248396,327308,287338,312303,308160,327794,350301,346208,353293,348615,385341,379030,383656,373159,376973,380492,370248,354931,359232,369418,352935,366746,400575,422125,445966,430584,466309,463513,439951,453385,481192,487101,512773,470504,505661,495882,474711,488143,460264,446239,450928,422222,470774,463636,412636,358538,378427,343825,395853,345143,372891,416092,398505,398845,412651,400576,408563,411075,427475,415498,404421,385689,390908,362025,349339,339564,329053,291784,291260,295382,281249,258331,248919,287303,231692,305381,411268,191705,248322,211641,225963,149261,142478,151045,145100,130564,117631,102992,90467,69705,63062,51166,46737,35399,86863
England,2025-10-01,male,249313,265524,338606,294249,322112,331127,339780,370468,368579,375566,357312,405965,397073,408069,397006,402839,403878,392928,376290,372869,377580,360298,371901,377567,409141,443220,446643,461846,464863,454020,469307,489747,501984,532825,492341,523048,524646,495294,508867,478931,482690,482119,455690,499314,496943,445839,394548,402046,385783,419840,377092,396558,439234,420037,417064,425336,410163,414246,412578,437064,419062,408741,386802,396086,358540,333420,342691,327122,279190,274449,276581,263932,238001,232305,252284,201436,276959,354041,159845,218751,182553,192971,113581,109626,117641,107168,94702,84040,70406,57123,43884,37672,30236,24554,16672,33805
England,2025-10-01,persons,485888,512876,667318,580362,628450,637851,669835,718798,710395,724879,709870,792470,776557,792837,776356,781804,784027,761308,731330,733470,749769,717682,734532,780646,841827,882920,874340,927548,934132,891464,924555,975695,979092,1048983,962938,1025703,1019794,970217,992252,942191,930125,933737,874614,971348,953487,862688,753992,786767,725811,818138,728942,770529,855248,821840,817963,836277,807415,821375,821125,860662,840529,813160,773900,786688,718365,688914,680989,655827,571115,565708,571964,550791,498709,468351,567397,407991,590244,767227,350837,463233,389574,416307,266239,247853,274088,251197,225052,200164,173003,149089,113379,101269,85173,71470,53122,120424
